id, name, desc
0, matplotlib, id = 0
1, boto3, id = 1
2, requests, id = 2
3, dataclasses, id = 3
4, pyyaml, id = 4
5, django-appconf, id = 5
6, ipython, id = 6
7, routes, id = 7
8, pyaml, id = 8
9, django, id = 9
10, pyqt5, id = 10
11, croniter, id = 11
12, numpy, id = 12
13, pdf2image, id = 13
14, six, id = 14
15, tqdm, id = 15
16, scipy, id = 16
17, python-dateutil, id = 17
18, alibabacloud-rpc-util, id = 18
19, pillow, id = 19
20, colorama, id = 20
21, click, id = 21
22, trytond, id = 22
23, mechanize, id = 23
24, google-cloud-storage, id = 24
25, astropy, id = 25
26, psutil, id = 26
27, pylint, id = 27
28, seaborn, id = 28
29, torch, id = 29
30, oslo.log, id = 30
31, flask, id = 31
32, docutils, id = 32
33, pytz, id = 33
34, sphinx, id = 34
35, pyarrow, id = 35
36, ipywidgets, id = 36
37, jsonschema, id = 37
38, shapely, id = 38
39, codecov, id = 39
40, coverage, id = 40
41, termcolor, id = 41
42, python-memcached, id = 42
43, scikit-learn, id = 43
44, tensorboard, id = 44
45, pytest, id = 45
46, setuptools, id = 46
47, aiohttp, id = 47
48, jupyter, id = 48
49, wheel, id = 49
50, ruamel.yaml, id = 50
51, pyjwt, id = 51
52, scikit-image, id = 52
53, alibabacloud-openapi-util, id = 53
54, pandas, id = 54
55, flask-login, id = 55
56, gitpython, id = 56
57, zope.sqlalchemy, id = 57
58, sys, id = 58
59, h5py, id = 59
60, pygments, id = 60
61, beautifulsoup4, id = 61
62, joblib, id = 62
63, fastapi, id = 63
64, docopt, id = 64
65, flask-sqlalchemy, id = 65
66, cycler, id = 66
67, onnx, id = 67
68, packaging, id = 68
69, cython, id = 69
70, flask-compress, id = 70
71, jupyter-client, id = 71
72, black, id = 72
73, jmespath, id = 73
74, tensorflow, id = 74
75, altair, id = 75
76, numba, id = 76
77, cloudpickle, id = 77
78, ipykernel, id = 78
79, schema, id = 79
80, oss2, id = 80
81, sklearn, id = 81
82, pycryptodome, id = 82
83, parver, id = 83
84, django-cors-headers, id = 84
85, loguru, id = 85
86, urllib3, id = 86
87, flask-migrate, id = 87
88, pathlib2, id = 88
89, sqlalchemy, id = 89
90, passlib, id = 90
91, typing-extensions, id = 91
92, xlrd, id = 92
93, zstandard, id = 93
94, configparser, id = 94
95, boto, id = 95
96, pydantic, id = 96
97, idna, id = 97
98, ptyprocess, id = 98
99, requests-toolbelt, id = 99
100, progressbar2, id = 100
101, gevent, id = 101
102, chardet, id = 102
103, certifi, id = 103
104, dask, id = 104
105, portalocker, id = 105
106, prometheus-client, id = 106
107, networkx, id = 107
108, py, id = 108
109, unidecode, id = 109
110, eventlet, id = 110
111, adafruit-blinka, id = 111
112, plotly, id = 112
113, uuid, id = 113
114, charset-normalizer, id = 114
115, jinja2, id = 115
116, typer, id = 116
117, nest-asyncio, id = 117
118, pyparsing, id = 118
119, werkzeug, id = 119
120, oslo.serialization, id = 120
121, argparse, id = 121
122, pycrypto, id = 122
123, xxhash, id = 123
124, jsonpickle, id = 124
125, lxml, id = 125
126, attrs, id = 126
127, pymongo, id = 127
128, xlsxwriter, id = 128
129, argh, id = 129
130, uvicorn, id = 130
131, anndata, id = 131
132, opencv-python, id = 132
133, asyncio, id = 133
134, jedi, id = 134
135, threadpoolctl, id = 135
136, plone.api, id = 136
137, nose, id = 137
138, gunicorn, id = 138
139, python-telegram-bot, id = 139
140, pyelftools, id = 140
141, nltk, id = 141
142, bottle, id = 142
143, constructs, id = 143
144, google-api-python-client, id = 144
145, plone.app.registry, id = 145
146, web3, id = 146
147, djangorestframework, id = 147
148, biopython, id = 148
149, z3c.jbot, id = 149
150, redis, id = 150
151, robotframework, id = 151
152, pyramid, id = 152
153, multiprocess, id = 153
154, tornado, id = 154
155, markupsafe, id = 155
156, docker, id = 156
157, future, id = 157
158, rich, id = 158
159, parse, id = 159
160, jsii, id = 160
161, pypdf2, id = 161
162, peewee, id = 162
163, pygobject, id = 163
164, twilio, id = 164
165, asgiref, id = 165
166, appdirs, id = 166
167, llvmlite, id = 167
168, simpleitk, id = 168
169, lz4, id = 169
170, wagtail, id = 170
171, grpcio, id = 171
172, python-dotenv, id = 172
173, netcdf4, id = 173
174, discord.py, id = 174
175, markdown, id = 175
176, psycopg2-binary, id = 176
177, google-api-core, id = 177
178, pybind11, id = 178
179, gql, id = 179
180, python-box, id = 180
181, yaspin, id = 181
182, zope.container, id = 182
183, zope.lifecycleevent, id = 183
184, umap-learn, id = 184
185, pluggy, id = 185
186, wxpython, id = 186
187, time, id = 187
188, pyserial, id = 188
189, ratelimit, id = 189
190, colorlog, id = 190
191, dnspython, id = 191
192, oauth2, id = 192
193, rdflib, id = 193
194, yarl, id = 194
195, librosa, id = 195
196, importlib-metadata, id = 196
197, django-extensions, id = 197
198, pre-commit, id = 198
199, pycryptodomex, id = 199
200, ujson, id = 200
201, google-auth-oauthlib, id = 201
202, sphinx-rtd-theme, id = 202
203, kombu, id = 203
204, tzlocal, id = 204
205, openpyxl, id = 205
206, tabulate, id = 206
207, autopep8, id = 207
208, pyflakes, id = 208
209, pydot, id = 209
210, aws-cdk.aws-ec2, id = 210
211, xarray, id = 211
212, numexpr, id = 212
213, zope.schema, id = 213
214, regex, id = 214
215, voluptuous, id = 215
216, proto-plus, id = 216
217, ansible, id = 217
218, nonebot-adapter-onebot, id = 218
219, datetime, id = 219
220, py-cpuinfo, id = 220
221, humanfriendly, id = 221
222, pyglet, id = 222
223, graphviz, id = 223
224, cryptography, id = 224
225, prettytable, id = 225
226, rq, id = 226
227, attrdict, id = 227
228, paramiko, id = 228
229, terminaltables, id = 229
230, products.cmfplone, id = 230
231, optuna, id = 231
232, django-redis, id = 232
233, typing, id = 233
234, aiofiles, id = 234
235, tensorflow-estimator, id = 235
236, xmltodict, id = 236
237, multidict, id = 237
238, bcrypt, id = 238
239, jsonpath-ng, id = 239
240, oauthlib, id = 240
241, cherrypy, id = 241
242, apscheduler, id = 242
243, azure-identity, id = 243
244, awscli, id = 244
245, toolz, id = 245
246, sh, id = 246
247, pypinyin, id = 247
248, mako, id = 248
249, nbsphinx, id = 249
250, python-crontab, id = 250
251, arrow, id = 251
252, pandas-datareader, id = 252
253, requests-oauthlib, id = 253
254, pip, id = 254
255, ecdsa, id = 255
256, statsmodels, id = 256
257, zope.interface, id = 257
258, atomicwrites, id = 258
259, funcy, id = 259
260, astunparse, id = 260
261, bokeh, id = 261
262, alibabacloud-openapi-util-py2, id = 262
263, keyring, id = 263
264, faker, id = 264
265, cached-property, id = 265
266, sparqlwrapper, id = 266
267, fanstatic, id = 267
268, alabaster, id = 268
269, botocore, id = 269
270, einops, id = 270
271, streamlit, id = 271
272, sympy, id = 272
273, wcwidth, id = 273
274, datasets, id = 274
275, zope.component, id = 275
276, glob2, id = 276
277, imageio, id = 277
278, orjson, id = 278
279, notebook, id = 279
280, traitlets, id = 280
281, texttable, id = 281
282, cvxopt, id = 282
283, iso8601, id = 283
284, aiosqlite, id = 284
285, wrapt, id = 285
286, click-plugins, id = 286
287, elasticsearch, id = 287
288, cubicweb, id = 288
289, fsspec, id = 289
290, keras, id = 290
291, grpcio-tools, id = 291
292, fire, id = 292
293, absl-py, id = 293
294, pyobjc-framework-cocoa, id = 294
295, pytest-cov, id = 295
296, cffi, id = 296
297, typeguard, id = 297
298, pycparser, id = 298
299, sanic, id = 299
300, python-gnupg, id = 300
301, configobj, id = 301
302, jsonfield, id = 302
303, pysam, id = 303
304, simplejson, id = 304
305, vtk, id = 305
306, mypy-extensions, id = 306
307, nonebot2, id = 307
308, gensim, id = 308
309, asn1crypto, id = 309
310, pymysql, id = 310
311, httplib2, id = 311
312, aws-cdk-lib, id = 312
313, publication, id = 313
314, path.py, id = 314
315, fs, id = 315
316, paste, id = 316
317, pyfiglet, id = 317
318, zarr, id = 318
319, flake8, id = 319
320, pelican, id = 320
321, enum34, id = 321
322, kivy, id = 322
323, archetypes.schemaextender, id = 323
324, w3lib, id = 324
325, isodate, id = 325
326, torchvision, id = 326
327, flask-cors, id = 327
328, sortedcontainers, id = 328
329, requests-mock, id = 329
330, kubernetes, id = 330
331, python-jose, id = 331
332, shap, id = 332
333, pika, id = 333
334, filelock, id = 334
335, aws-cdk.aws-lambda, id = 335
336, aenum, id = 336
337, webob, id = 337
338, pyasn1-modules, id = 338
339, pywin32, id = 339
340, pastedeploy, id = 340
341, lark, id = 341
342, python-json-logger, id = 342
343, strictyaml, id = 343
344, pyopenssl, id = 344
345, selenium, id = 345
346, cachetools, id = 346
347, five.grok, id = 347
348, pygame, id = 348
349, psycopg2, id = 349
350, fastparquet, id = 350
351, products.cmfcore, id = 351
352, products.genericsetup, id = 352
353, toml, id = 353
354, pypiwin32, id = 354
355, clint, id = 355
356, textblob, id = 356
357, pbr, id = 357
358, pyrsistent, id = 358
359, jupyterlab, id = 359
360, zope.publisher, id = 360
361, blinker, id = 361
362, virtualenv, id = 362
363, alembic, id = 363
364, stevedore, id = 364
365, aniso8601, id = 365
366, pyasn1, id = 366
367, prompt-toolkit, id = 367
368, requests-cache, id = 368
369, s3fs, id = 369
370, environs, id = 370
371, cement, id = 371
372, pysocks, id = 372
373, sniffio, id = 373
374, tensorflow-gpu, id = 374
375, pycodestyle, id = 375
376, python-igraph, id = 376
377, tensorboardx, id = 377
378, google-auth, id = 378
379, webencodings, id = 379
380, pyodbc, id = 380
381, bidict, id = 381
382, aliyun-python-sdk-core, id = 382
383, wget, id = 383
384, validators, id = 384
385, base58, id = 385
386, textual, id = 386
387, greenlet, id = 387
388, pyside2, id = 388
389, reportlab, id = 389
390, inflection, id = 390
391, argcomplete, id = 391
392, peppercorn, id = 392
393, inflect, id = 393
394, celery, id = 394
395, dill, id = 395
396, django-allauth, id = 396
397, slackclient, id = 397
398, retrying, id = 398
399, ordereddict, id = 399
400, json5, id = 400
401, spacy, id = 401
402, qtpy, id = 402
403, scapy, id = 403
404, uritemplate, id = 404
405, uwsgi, id = 405
406, antchain-alipay-util, id = 406
407, wordcloud, id = 407
408, pypandoc, id = 408
409, natsort, id = 409
410, pyperclip, id = 410
411, pyspark, id = 411
412, deap, id = 412
413, django-filter, id = 413
414, marshmallow, id = 414
415, plone, id = 415
416, mutagen, id = 416
417, omegaconf, id = 417
418, requests-html, id = 418
419, pyzmq, id = 419
420, pydash, id = 420
421, python-daemon, id = 421
422, deepmerge, id = 422
423, urwid, id = 423
424, pint, id = 424
425, cbor2, id = 425
426, mkdocs-material, id = 426
427, diskcache, id = 427
428, connexion, id = 428
429, progressbar, id = 429
430, oyaml, id = 430
431, alibabacloud-tea-openapi-py2, id = 431
432, hyperopt, id = 432
433, tinydb, id = 433
434, pyusb, id = 434
435, zope.i18nmessageid, id = 435
436, dynaconf, id = 436
437, pygithub, id = 437
438, configargparse, id = 438
439, netaddr, id = 439
440, mopidy, id = 440
441, websocket-client, id = 441
442, scrapy, id = 442
443, geopandas, id = 443
444, blessings, id = 444
445, pyxdg, id = 445
446, oslo.config, id = 446
447, obspy, id = 447
448, pytorch-lightning, id = 448
449, fabric, id = 449
450, qrcode, id = 450
451, mock, id = 451
452, folium, id = 452
453, httpx, id = 453
454, xlwt, id = 454
455, genshi, id = 455
456, distlib, id = 456
457, opencv-contrib-python, id = 457
458, webtest, id = 458
459, msrest, id = 459
460, autobahn, id = 460
461, send2trash, id = 461
462, pulp, id = 462
463, trio, id = 463
464, deprecation, id = 464
465, protobuf, id = 465
466, scanpy, id = 466
467, dulwich, id = 467
468, beautifulsoup, id = 468
469, flask-caching, id = 469
470, mongoengine, id = 470
471, ftfy, id = 471
472, python-magic, id = 472
473, aiodns, id = 473
474, decorator, id = 474
475, python-keystoneclient, id = 475
476, hypothesis, id = 476
477, webdriver-manager, id = 477
478, python-multipart, id = 478
479, aws-cdk.core, id = 479
480, docker-py, id = 480
481, schedule, id = 481
482, singer-python, id = 482
483, sentence-transformers, id = 483
484, django-model-utils, id = 484
485, opencv-python-headless, id = 485
486, toposort, id = 486
487, ipdb, id = 487
488, async-timeout, id = 488
489, googletrans, id = 489
490, twisted, id = 490
491, feedparser, id = 491
492, rasterio, id = 492
493, distributed, id = 493
494, mysql-python, id = 494
495, dash, id = 495
496, progress, id = 496
497, msgpack, id = 497
498, pathlib, id = 498
499, pystache, id = 499
500, cchardet, id = 500
501, stringcase, id = 501
502, multipledispatch, id = 502
503, fiona, id = 503
504, importlib-resources, id = 504
505, dataclasses-json, id = 505
506, sqlparse, id = 506
507, authlib, id = 507
508, pyproj, id = 508
509, flask-restful, id = 509
510, googleapis-common-protos, id = 510
511, pyquery, id = 511
512, pytest-mock, id = 512
513, qiskit, id = 513
514, munch, id = 514
515, lightgbm, id = 515
516, imageio-ffmpeg, id = 516
517, aioredis, id = 517
518, futures, id = 518
519, sentencepiece, id = 519
520, astroquery, id = 520
521, kazoo, id = 521
522, websockets, id = 522
523, aio-pika, id = 523
524, cssselect, id = 524
525, alibabacloud-endpoint-util, id = 525
526, more-itertools, id = 526
527, gym, id = 527
528, tomlkit, id = 528
529, flask-mail, id = 529
530, humanize, id = 530
531, alibabacloud-tea-util-py2, id = 531
532, prefect, id = 532
533, platformdirs, id = 533
534, oauth2client, id = 534
535, earthengine-api, id = 535
536, zope.i18n, id = 536
537, markdown2, id = 537
538, logging, id = 538
539, tomli, id = 539
540, transformers, id = 540
541, pymatgen, id = 541
542, falcon, id = 542
543, msgpack-python, id = 543
544, emoji, id = 544
545, napari, id = 545
546, semver, id = 546
547, pykka, id = 547
548, plover, id = 548
549, slack-sdk, id = 549
550, tenacity, id = 550
551, mkdocs, id = 551
552, anytree, id = 552
553, ase, id = 553
554, cmd2, id = 554
555, tox, id = 555
556, docstring-parser, id = 556
557, html2text, id = 557
558, praw, id = 558
559, smart-open, id = 559
560, shortuuid, id = 560
561, fastcore, id = 561
562, pycountry, id = 562
563, frozendict, id = 563
564, deepdiff, id = 564
565, json, id = 565
566, pathspec, id = 566
567, waitress, id = 567
568, zope.security, id = 568
569, dash-bootstrap-components, id = 569
570, tldextract, id = 570
571, azure-common, id = 571
572, rsa, id = 572
573, pynacl, id = 573
574, jira, id = 574
575, trytond-product, id = 575
576, imbalanced-learn, id = 576
577, backoff, id = 577
578, smbus2, id = 578
579, halo, id = 579
580, lark-parser, id = 580
581, logbook, id = 581
582, zc.buildout, id = 582
583, lmfit, id = 583
584, setproctitle, id = 584
585, fuzzywuzzy, id = 585
586, babel, id = 586
587, opentelemetry-sdk, id = 587
588, pydub, id = 588
589, pexpect, id = 589
590, python-ldap, id = 590
591, commonmark, id = 591
592, jsonpatch, id = 592
593, pycurl, id = 593
594, dateparser, id = 594
595, azure-storage-blob, id = 595
596, cvxpy, id = 596
597, poetry, id = 597
598, pyvisa, id = 598
599, suds, id = 599
600, setuptools-scm, id = 600
601, tables, id = 601
602, html5lib, id = 602
603, watchdog, id = 603
604, nbconvert, id = 604
605, amqp, id = 605
606, typed-ast, id = 606
607, tifffile, id = 607
608, south, id = 608
609, alibabacloud-tea-util, id = 609
610, click-log, id = 610
611, tensorflow-addons, id = 611
612, cytoolz, id = 612
613, beaker, id = 613
614, pyinquirer, id = 614
615, sqlalchemy-utils, id = 615
616, readme-renderer, id = 616
617, zope.configuration, id = 617
618, incremental, id = 618
619, pefile, id = 619
620, flask-wtf, id = 620
621, zeep, id = 621
622, descartes, id = 622
623, twine, id = 623
624, click-default-group, id = 624
625, emcee, id = 625
626, mysql-connector-python, id = 626
627, mpi4py, id = 627
628, apispec, id = 628
629, influxdb, id = 629
630, fonttools, id = 630
631, xgboost, id = 631
632, unittest2, id = 632
633, google-cloud-bigquery, id = 633
634, coloredlogs, id = 634
635, zc.recipe.egg, id = 635
636, astroid, id = 636
637, gdown, id = 637
638, aiomysql, id = 638
639, boltons, id = 639
640, editdistance, id = 640
641, mysqlclient, id = 641
642, ipaddress, id = 642
643, trac, id = 643
644, deprecated, id = 644
645, cookiecutter, id = 645
646, python-novaclient, id = 646
647, isort, id = 647
648, python-slugify, id = 648
649, funcsigs, id = 649
650, fake-useragent, id = 650
651, channels, id = 651
652, zope.testing, id = 652
653, langdetect, id = 653
654, itsdangerous, id = 654
655, pkginfo, id = 655
656, certbot, id = 656
657, healpy, id = 657
658, leidenalg, id = 658
659, python-levenshtein, id = 659
660, soundfile, id = 660
661, apache-airflow, id = 661
662, bson, id = 662
663, pyotp, id = 663
664, alibabacloud-endpoint-util-py2, id = 664
665, pyaes, id = 665
666, structlog, id = 666
667, anyio, id = 667
668, bleach, id = 668
669, hiredis, id = 669
670, icalendar, id = 670
671, wtforms, id = 671
672, pastescript, id = 672
673, crcmod, id = 673
674, django-cms, id = 674
675, youtube-dl, id = 675
676, z3c.form, id = 676
677, azure-core, id = 677
678, django-mptt, id = 678
679, geopy, id = 679
680, service-identity, id = 680
681, antlr4-python3-runtime, id = 681
682, zope.traversing, id = 682
683, moviepy, id = 683
684, gputil, id = 684
685, oslo.i18n, id = 685
686, cachecontrol, id = 686
687, fpdf, id = 687
688, elasticsearch-dsl, id = 688
689, cairosvg, id = 689
690, google-auth-httplib2, id = 690
691, whoosh, id = 691
692, jieba, id = 692
693, lockfile, id = 693
694, pycairo, id = 694
695, defusedxml, id = 695
696, hvac, id = 696
697, jupyter-core, id = 697
698, python-pptx, id = 698
699, jupyterhub, id = 699
700, jax, id = 700
701, pytesseract, id = 701
702, backcall, id = 702
703, lazy-object-proxy, id = 703
704, flask-socketio, id = 704
705, scp, id = 705
706, soupsieve, id = 706
707, types-requests, id = 707
708, bot-studio, id = 708
709, colored, id = 709
710, pandas-profiling, id = 710
711, netifaces, id = 711
712, eth-utils, id = 712
713, playsound, id = 713
714, ordered-set, id = 714
715, distro, id = 715
716, cloudscraper, id = 716
717, tablib, id = 717
718, adafruit-circuitpython-busdevice, id = 718
719, gspread, id = 719
720, raven, id = 720
721, pandocfilters, id = 721
722, mypy, id = 722
723, python-docx, id = 723
724, torchaudio, id = 724
725, sentry-sdk, id = 725
726, bump2version, id = 726
727, bibtexparser, id = 727
728, argon2-cffi, id = 728
729, tensorflow-probability, id = 729
730, dacite, id = 730
731, snowflake-connector-python, id = 731
732, coreapi, id = 732
733, pulumi, id = 733
734, email-validator, id = 734
735, python-decouple, id = 735
736, easydict, id = 736
737, speechrecognition, id = 737
738, pywavelets, id = 738
739, minio, id = 739
740, fasteners, id = 740
741, ply, id = 741
742, google-cloud-pubsub, id = 742
743, pyopengl, id = 743
744, zeroconf, id = 744
745, keystoneauth1, id = 745
746, motor, id = 746
747, phonenumbers, id = 747
748, zipp, id = 748
749, subprocess32, id = 749
750, opentelemetry-api, id = 750
751, rpy2, id = 751
752, flask-babel, id = 752
753, build, id = 753
754, pydicom, id = 754
755, collective.monkeypatcher, id = 755
756, pendulum, id = 756
757, pytest-xdist, id = 757
758, uncertainties, id = 758
759, nibabel, id = 759
760, wandb, id = 760
761, asyncpg, id = 761
762, blessed, id = 762
763, geojson, id = 763
764, brotli, id = 764
765, kafka-python, id = 765
766, pytube, id = 766
767, acme, id = 767
768, thrift, id = 768
769, cx-oracle, id = 769
770, rfc3986, id = 770
771, os, id = 771
772, bitarray, id = 772
773, albumentations, id = 773
774, aws-cdk.aws-iam, id = 774
775, eth-abi, id = 775
776, django-filer, id = 776
777, logzero, id = 777
778, google, id = 778
779, paho-mqtt, id = 779
780, oslo.utils, id = 780
781, django-debug-toolbar, id = 781
782, tensorflow-hub, id = 782
783, mccabe, id = 783
784, pickleshare, id = 784
785, django-environ, id = 785
786, theano, id = 786
787, kaleido, id = 787
788, gdal, id = 788
789, imutils, id = 789
790, patsy, id = 790
791, pypng, id = 791
792, mnemonic, id = 792
793, napari-plugin-engine, id = 793
794, parso, id = 794
795, zope.annotation, id = 795
796, starlette, id = 796
797, requests-futures, id = 797
798, ipython-genutils, id = 798
799, dropbox, id = 799
800, ray, id = 800
801, svgwrite, id = 801
802, plone.app.dexterity, id = 802
803, flask-script, id = 803
804, tweepy, id = 804
805, pyobjc-core, id = 805
806, mlflow, id = 806
807, jpype1, id = 807
808, nilearn, id = 808
809, timm, id = 809
810, rpi.gpio, id = 810
811, mpmath, id = 811
812, cerberus, id = 812
813, datasette, id = 813
814, sphinx-autodoc-typehints, id = 814
815, windows-curses, id = 815
816, hydra-core, id = 816
817, graphql-core, id = 817
818, construct, id = 818
819, kiwisolver, id = 819
820, dj-database-url, id = 820
821, wsgiref, id = 821
822, pyee, id = 822
823, pyautogui, id = 823
824, zope.event, id = 824
825, colour, id = 825
826, spotipy, id = 826
827, alibabacloud-tea-openapi, id = 827
828, sendgrid, id = 828
829, firebase-admin, id = 829
830, flask-admin, id = 830
831, sentry, id = 831
832, django-compressor, id = 832
833, pyppeteer, id = 833
834, user-agents, id = 834
835, plumbum, id = 835
836, inquirer, id = 836
837, jaxlib, id = 837
838, jsmin, id = 838
839, ijson, id = 839
840, pyaudio, id = 840
841, libsass, id = 841
842, semantic-version, id = 842
843, mistune, id = 843
844, aws-cdk.aws-s3, id = 844
845, pathos, id = 845
846, transaction, id = 846
847, furl, id = 847
848, flake8-docstrings, id = 848
849, parsel, id = 849
850, pygit2, id = 850
851, webcolors, id = 851
852, zope.location, id = 852
853, catboost, id = 853
854, intervaltree, id = 854
855, google-cloud-core, id = 855
856, questionary, id = 856
857, pytest-asyncio, id = 857
858, pyside6, id = 858
859, pyhumps, id = 859
860, zope2, id = 860
861, cliff, id = 861
862, distribute, id = 862
863, entrypoints, id = 863
864, dicttoxml, id = 864
865, trytond-party, id = 865
866, ldap3, id = 866
867, cattrs, id = 867
868, pysha3, id = 868
869, uvloop, id = 869
870, myst-parser, id = 870
871, huggingface-hub, id = 871
872, unicodecsv, id = 872
873, s3transfer, id = 873
874, lmdb, id = 874
875, pygraphviz, id = 875
876, pil, id = 876
877, cssutils, id = 877
878, mkdocstrings, id = 878
879, filetype, id = 879
880, pyqtgraph, id = 880
881, cartopy, id = 881
882, dbutils, id = 882
883, yapf, id = 883
884, python-neutronclient, id = 884
885, ffmpeg-python, id = 885
886, yt-dlp, id = 886
887, corner, id = 887
888, nbformat, id = 888
889, django-taggit, id = 889
890, tokenizers, id = 890
891, responses, id = 891
892, cleo, id = 892
893, astor, id = 893
894, docker-compose, id = 894
895, confluent-kafka, id = 895
896, pyttsx3, id = 896
897, bitstring, id = 897
898, rapidfuzz, id = 898
899, zodb, id = 899
900, onnxruntime, id = 900
901, iniconfig, id = 901
902, flask-httpauth, id = 902
903, sshtunnel, id = 903
904, torchmetrics, id = 904
905, wikipedia, id = 905
906, addict, id = 906
907, statsd, id = 907
908, bottleneck, id = 908
909, importlib, id = 909
910, polib, id = 910
911, pep8, id = 911
912, pymssql, id = 912
913, async-generator, id = 913
914, xdg, id = 914
915, pysimplegui, id = 915
916, typing-inspect, id = 916
917, parsimonious, id = 917
918, alive-progress, id = 918
919, python-frontmatter, id = 919
920, jupyter-server, id = 920
921, graphene, id = 921
922, snowballstemmer, id = 922
923, easy-thumbnails, id = 923
924, js.jquery, id = 924
925, parsedatetime, id = 925
926, pynput, id = 926
927, h11, id = 927
928, jsonpath-rw, id = 928
929, weasyprint, id = 929
930, pycocotools, id = 930
931, mediapipe, id = 931
932, whitenoise, id = 932
933, rx, id = 933
934, azure-mgmt-core, id = 934
935, pytest-runner, id = 935
936, python, id = 936
937, zodb3, id = 937
938, telethon, id = 938
939, mne, id = 939
940, pyinstaller, id = 940
941, mmh3, id = 941
942, keyboard, id = 942
943, wand, id = 943
944, fastai, id = 944
945, recommonmark, id = 945
946, python-gitlab, id = 946
947, sounddevice, id = 947
948, django-crispy-forms, id = 948
949, pytimeparse, id = 949
950, python-socketio, id = 950
951, pymdown-extensions, id = 951
952, numpydoc, id = 952
953, plone.restapi, id = 953
954, rtree, id = 954
955, crayons, id = 955
956, github3.py, id = 956
957, pyshp, id = 957
958, pybedtools, id = 958
959, pdfminer.six, id = 959
960, bleak, id = 960
961, pyfaidx, id = 961
962, retry, id = 962
963, ansicolors, id = 963
964, gtts, id = 964
965, coveralls, id = 965
966, ete3, id = 966
967, magicgui, id = 967
968, dateutils, id = 968
969, scikit-optimize, id = 969
970, secretstorage, id = 970
971, fastavro, id = 971
972, yfinance, id = 972
973, pymupdf, id = 973
974, contextlib2, id = 974
975, invoke, id = 975
976, gast, id = 976
977, trimesh, id = 977
978, openai, id = 978
